category,user_message,assistant_response,keywords
ATGP,What are the benefits of buying green electronic products?,"Green electronic products can help reduce energy use, resource consumption, and environmental impact over their life cycle. When choosing a device, consider durability, energy efficiency, repairability, materials, and responsible end-of-life options.","green products,benefits,electronics"
ATGP,Are eco-friendly laptops useful for university students?,"Yes. An eco-friendly laptop can provide the same core computing functions while offering features such as better energy efficiency, longer useful life, repairability, or recycled materials. Compare the environmental features together with performance and price.","eco-friendly laptop,students,performance"
ATGP,Why should I choose an environmentally friendly phone?,"Choosing a phone with longer software support, durable construction, repair options, energy-efficient operation, and responsible recycling options can reduce the environmental impact associated with frequent replacement.","green phone,durability,repair"
ATGP,Are green electronic products really worth considering?,"They can be worth considering when their environmental benefits fit your needs and budget. Look beyond the word 'green' and compare measurable information such as energy efficiency, durability, repairability, recycled content, and product support.","green electronics,value,comparison"
ATGP,Does buying a durable laptop help the environment?,Yes. Keeping a device in use for longer can reduce the need to manufacture and transport a replacement. Durability is therefore an important factor when considering the environmental impact of an electronic device.,"durability,laptop,environment"
ATGP,Is repairability important when buying electronics?,"Repairability can help extend a product's useful life. Before buying, check whether batteries, screens, storage, or other commonly replaced components can be repaired or replaced and whether spare parts and service are available.","repairability,spare parts,electronics"
ATGP,Should environmental performance matter when I buy a phone?,"It can be one of several factors in your decision. Consider environmental performance alongside price, performance, reliability, durability, repairability, software support, and your actual needs.","environmental performance,phone,purchase"
ATGP,Do green products have to look different from normal electronics?,"No. Environmental features are not necessarily visible from appearance. Check specifications, manufacturer information, certifications where relevant, energy information, repair options, and end-of-life guidance.","green electronics,appearance,information"
ATGP,Can a refurbished laptop be an environmentally responsible choice?,"A good-quality refurbished laptop can reduce demand for a new device and keep an existing product in use. Check its condition, battery health, warranty, repair history, performance, and expected remaining useful life.","refurbished laptop,reuse,sustainability"
ATGP,Why is longer product life important?,A longer product life can spread the environmental impacts of manufacturing over more years of use and reduce the frequency of replacement. Proper maintenance and repair can help extend useful life.,"product life,maintenance,replacement"
ATGP,Is energy efficiency an important feature of a laptop?,Energy efficiency can reduce electricity consumption during use. Compare reliable energy information and consider how much and how long you will use the laptop before making a decision.,"energy efficiency,laptop,electricity"
ATGP,Should I consider recycled materials in electronics?,"Recycled materials can reduce reliance on newly extracted resources in some products. Consider recycled content as one factor together with durability, repairability, energy efficiency, and credible product information.","recycled materials,resources,electronics"
ATGP,Can environmentally friendly electronics still have good performance?,Yes. Environmental features do not automatically mean low performance. Choose a device that meets your actual academic or professional requirements while comparing its environmental characteristics.,"performance,green electronics,students"
ATGP,What makes me have a positive attitude toward green products?,"A positive attitude can be supported by understanding the environmental benefits, practical usefulness, quality, durability, and value of green products. Reliable information can help you make an informed assessment.","attitude,green products,benefits"
ATGP,Should I choose a repairable device instead of a cheaper device?,"Consider the total value rather than purchase price alone. A repairable device may remain useful longer, but compare the purchase price, expected lifespan, repair costs, performance, warranty, and environmental considerations.","repairable device,price,value"
SN,Can my friends influence my decision to buy green electronics?,"Yes. People often consider opinions from friends, classmates, family members, and other groups when making purchasing decisions. Their influence can affect how attractive or socially acceptable green purchasing seems.","friends,social influence,green electronics"
SN,Do university students influence each other to buy eco-friendly devices?,"They can. Discussions, recommendations, and shared experiences among students may influence perceptions of environmentally responsible purchasing. The strength of that influence differs between individuals.","students,peer influence,university"
SN,Does my family matter when choosing an environmentally friendly laptop?,"Family opinions can be one source of social influence, particularly for expensive purchases. You can consider their views while also evaluating your own needs, budget, and reliable product information.","family,social influence,laptop"
SN,Why do people care what others think about green purchases?,Purchasing decisions can have a social component. People may value approval from important groups or feel encouraged when environmentally responsible behavior is common among people around them.,"social norms,green purchasing,approval"
SN,Can lecturers encourage students to buy sustainable electronics?,Lecturers and universities can provide information and create awareness about sustainable consumption. Their influence may be especially relevant when students are learning about technology and environmental issues.,"lecturers,university,sustainability"
SN,Can university policies encourage green purchasing?,"Yes. Policies such as responsible e-waste collection, sustainability awareness programs, and guidance on energy-efficient equipment can create an environment that supports responsible purchasing and use.","university policy,green purchasing,e-waste"
SN,"If my friends prefer expensive green products, should I buy them too?","Not necessarily. Social influence can affect preferences, but your decision should also consider your needs, budget, product evidence, and environmental characteristics.","friends,budget,green products"
SN,Does seeing other students recycle electronics influence purchasing?,"It can contribute to a social environment where responsible electronic consumption is more visible and accepted. However, individual decisions are influenced by multiple factors.","recycling,students,social norms"
SN,How can students promote green purchasing among friends?,"Students can share reliable information, discuss product durability and energy efficiency, encourage repair and reuse, and share responsible e-waste disposal options without pressuring others.","students,promotion,green purchasing"
SN,Are social norms important for green purchase intention?,Social norms can be relevant because people may consider whether important others approve of or practice a behavior. Their influence can vary depending on the person and situation.,"social norms,purchase intention,TPB"
SN,Would a student club help promote green electronics?,"A student club could organize awareness activities, product-information sessions, repair or reuse initiatives, and responsible e-waste collection. These activities may make sustainable practices more visible.","student club,awareness,sustainability"
SN,Should I follow a friend's recommendation for a green laptop?,"A friend's experience can be useful, but it should not be the only basis for your decision. Check independent information, specifications, warranty, repairability, energy efficiency, and suitability for your work.","friend recommendation,laptop,decision"
SN,Can social media affect green purchasing decisions?,"Yes. Social media can expose users to product recommendations, environmental claims, peer opinions, and discussions. It is important to verify claims using reliable sources before purchasing.","social media,green claims,verification"
SN,Do classmates' opinions matter when buying electronic devices?,"They may matter, especially when students share experiences about brands, durability, repairs, and value. However, personal requirements and credible product information should also be considered.","classmates,electronics,opinions"
SN,How can universities create positive social norms for green purchasing?,"Universities can provide sustainability education, promote repair and reuse, make e-waste collection accessible, and publicly communicate responsible purchasing practices.","universities,social norms,sustainability"
EC,Why is electronic waste a problem?,"Electronic waste can contain valuable materials as well as substances that require careful handling. Improper disposal can contribute to environmental pollution and resource loss, while responsible collection, reuse, repair, and recycling can reduce these impacts.","e-waste,pollution,recycling"
EC,What happens when old electronics are thrown away carelessly?,Improper disposal can result in materials and potentially hazardous substances entering unsuitable waste streams. It can also waste recoverable resources that could otherwise be reused or recycled.,"e-waste,disposal,resources"
EC,Why should IT students care about e-waste?,"IT students use and understand electronic technologies, so they can play an important role in responsible device use, maintenance, repair, reuse, purchasing, and disposal.","IT students,e-waste,responsibility"
EC,Does buying fewer electronic devices help the environment?,"Reducing unnecessary purchases can reduce demand for manufacturing, transportation, and raw materials. Buying a suitable device and using it for longer can be part of responsible consumption.","consumption,devices,environment"
EC,How does electronic production affect the environment?,"Electronic production involves raw materials, manufacturing processes, energy, transportation, and packaging. The environmental impact depends on the product and its life cycle, so purchasing durable and efficient devices can be one consideration.","manufacturing,life cycle,electronics"
EC,Is e-waste a concern in Sri Lanka?,"E-waste management is an important environmental issue in Sri Lanka because discarded electronic equipment requires appropriate collection, handling, reuse, and recycling. Students should use recognized collection or recycling channels where available.","Sri Lanka,e-waste,recycling"
EC,Should I recycle my old laptop?,"If the laptop is no longer useful, responsible recycling is preferable to ordinary disposal. Before recycling, remove personal data securely and use an appropriate electronic-waste collection or recycling service.","laptop,recycling,data"
EC,Can repairing electronics reduce environmental impact?,Repairing a device can extend its useful life and may reduce the need to manufacture a replacement. Repair is especially useful when the device can continue meeting the user's needs after repair.,"repair,environmental impact,device life"
EC,Why is responsible disposal important?,"Responsible disposal helps ensure that electronic equipment is handled through appropriate reuse, recovery, or recycling pathways and reduces the chance of unsuitable disposal.","disposal,recycling,e-waste"
EC,Does energy consumption affect the environment?,Yes. Electricity use has environmental implications depending on how the electricity is generated. More energy-efficient devices can reduce electricity consumption during their use phase.,"energy,environment,efficiency"
EC,What environmental problems are connected to electronic devices?,"Potential concerns include resource extraction, manufacturing impacts, energy use, transportation, packaging, and end-of-life waste. The importance of each factor varies by product and its life cycle.","electronics,environment,life cycle"
EC,How can I reduce the environmental impact of my laptop?,"Keep it in use longer, maintain the battery and hardware, repair it when practical, use energy-saving settings, avoid unnecessary replacement, and dispose of it responsibly when it reaches end of life.","laptop,maintenance,energy,e-waste"
EC,Is buying the latest phone always environmentally better?,"Not necessarily. A newer phone may offer efficiency or other improvements, but replacing a functioning device also creates demand for a new product. Consider whether the upgrade is necessary and whether the existing phone can continue to be used.","phone,replacement,environment"
EC,Why does resource conservation matter for electronics?,"Electronic devices require materials that come from natural resources. Extending product life, repairing, reusing, and recycling can help reduce pressure on resources and recover useful materials.","resources,reuse,recycling"
EC,What can students do to reduce e-waste?,"Students can avoid unnecessary upgrades, maintain devices, repair when practical, reuse or donate working equipment, and use responsible e-waste collection or recycling options for devices that are no longer usable.","students,e-waste,reuse"
PS,Are green electronic products more expensive?,"Some products with environmental features may have a higher upfront price, while others may be competitively priced. Compare the total value, including energy use, durability, repairability, warranty, and expected lifespan.","price,green electronics,value"
PS,Should I pay more for an energy-efficient laptop?,"It depends on your budget, usage, expected lifespan, and the actual energy savings. Compare the additional purchase cost with expected use and other benefits rather than assuming a higher price is always better.","price,energy efficiency,laptop"
PS,How can I buy a green laptop on a student budget?,"Prioritize the features that matter most for your needs, such as durability, energy efficiency, repairability, and adequate performance. Consider reliable previous-generation or refurbished devices when appropriate.","student budget,laptop,green purchasing"
PS,Is a cheaper electronic device always the better choice?,"A lower purchase price does not necessarily mean lower total cost or environmental impact. Consider expected lifespan, energy consumption, repair costs, warranty, and replacement frequency.","price,total cost,environment"
PS,Why does price affect green purchase intention?,Price can influence whether a consumer is willing and able to purchase a product. Students with limited budgets may weigh environmental benefits against the initial purchase price and other costs.,"price,purchase intention,students"
PS,How should I compare two laptops with different prices?,"Compare performance for your needs, expected lifespan, energy efficiency, warranty, repairability, upgrade options, and other environmental information alongside the purchase price.","laptop,price,comparison"
PS,Can a refurbished phone be cheaper and more sustainable?,"A refurbished phone can sometimes cost less and extend the useful life of an existing device. Check its condition, battery health, warranty, software support, and seller reliability before purchasing.","refurbished,phone,price"
PS,Does buying a durable product save money?,"Potentially. A durable product may reduce the need for frequent replacement. Consider the initial price, expected lifespan, maintenance, repair costs, and warranty together.","durability,cost,savings"
PS,Should environmental benefits justify a higher price?,"That is a personal trade-off. You can compare the additional cost with the product's expected lifespan, operating costs, environmental features, and your available budget.","price,environmental benefits,trade-off"
PS,How can students manage the cost of green electronics?,"Set a realistic budget, identify essential features, compare multiple products, consider repairable or refurbished options, and evaluate long-term costs rather than only the initial price.","students,budget,green electronics"
PS,Are energy-efficient devices cheaper to operate?,"They may use less electricity during operation, which can reduce electricity costs over time. The actual saving depends on the device, usage pattern, electricity price, and efficiency difference.","energy efficiency,operating cost"
PS,Is a longer warranty important when comparing prices?,"A longer or more comprehensive warranty can reduce financial risk if a product fails. It is useful to consider warranty coverage alongside price, durability, and repair options.","warranty,price,durability"
PS,Should I choose a green product if it is slightly more expensive?,"Compare the price difference with the product's durability, energy use, repairability, warranty, and environmental information. The appropriate choice depends on your circumstances and priorities.","price,green product,decision"
PS,Can buying used electronics reduce costs?,"Used electronics can have lower upfront prices and can extend the life of existing products. Check condition, battery health, security, compatibility, warranty, and repairability before buying.","used electronics,cost,reuse"
PS,What is total cost of ownership for electronics?,"Total cost of ownership considers more than the purchase price. It can include electricity, maintenance, repairs, accessories, and eventual replacement. This can help you compare devices more realistically.","total cost of ownership,electronics"
GA,How can I identify a genuine green claim in an advertisement?,"Look for specific, verifiable information rather than vague terms such as 'eco-friendly'. Check whether the claim explains what environmental feature is being measured and whether supporting information or recognized certification is available.","green advertising,claims,verification"
GA,What is greenwashing?,"Greenwashing refers to communication that gives an environmental impression that may be misleading, exaggerated, vague, or unsupported. Consumers should check the evidence behind environmental claims.","greenwashing,advertising,claims"
GA,Can green advertising influence my purchase intention?,"Advertising can provide information and shape perceptions of products. Its influence may depend on how credible, clear, useful, and relevant the information is to the consumer.","green advertising,purchase intention,information"
GA,What information should a green electronics advertisement provide?,"Useful information may include energy efficiency, durability, repairability, recycled content, product certifications where applicable, packaging information, and end-of-life guidance, provided the claims are specific and verifiable.","advertising,electronics,information"
GA,Should I trust an advertisement that says '100% eco-friendly'?,Treat broad claims cautiously unless the advertisement explains what the claim means and provides evidence. Environmental performance usually involves multiple life-cycle factors rather than a single simple label.,"advertising,eco-friendly,greenwashing"
GA,Why is clear environmental information important?,Clear information helps consumers understand what environmental benefit is being claimed and compare products more effectively. Vague information makes meaningful comparison difficult.,"information quality,green advertising,comparison"
GA,How can I check an environmental claim before buying a phone?,"Check the manufacturer's detailed specifications and supporting information, look for relevant recognized certifications or standards, and compare claims with independent or authoritative information when available.","phone,environmental claim,verification"
GA,Does attractive green advertising mean a product is sustainable?,"No. Attractive advertising does not by itself demonstrate environmental performance. Examine specific claims, evidence, product characteristics, and life-cycle considerations.","advertising,sustainability,evidence"
GA,What makes green advertising useful to students?,"Information is more useful when it is clear, accurate, understandable, relevant to student needs, and supported by evidence. Students can then compare environmental features with price and performance.","students,green advertising,information"
GA,Why should green advertisements be accurate?,Accurate information supports informed purchasing decisions and reduces the risk of consumers being misled by environmental claims.,"accuracy,advertising,consumer information"
GA,Can advertisements make me notice green features?,"Yes. Advertising can draw attention to environmental characteristics such as energy efficiency, recycled materials, repairability, or responsible packaging. Consumers should still verify important claims.","advertising,attention,green features"
GA,What does credible green advertising look like?,"It usually uses specific claims, explains relevant environmental features, avoids unsupported absolute statements, and provides enough information for consumers to understand or verify the claim.","credible advertising,green claims"
GA,Should I compare green claims across brands?,"Yes. Comparing specific environmental information across brands can help you understand differences, but make sure the claims use comparable definitions and evidence.","brands,green claims,comparison"
GA,Is a product label enough to prove that electronics are green?,"A label can provide useful information, but its meaning depends on the standard or certification behind it. Check what the label measures and whether it comes from a credible program.","labels,certification,electronics"
GA,How does information quality affect green purchasing?,"Useful, clear, accurate, engaging, attention-getting, and trustworthy information can help consumers understand environmental features and make more informed comparisons.","information quality,green purchasing"
GPI,I want to buy an eco-friendly laptop. What should I consider?,"Consider your required performance, energy efficiency, durability, repairability, warranty, expected lifespan, price, and credible environmental information. Choose a device that meets your actual needs without unnecessary features.","purchase intention,laptop,decision"
GPI,How can I make my next electronic purchase more environmentally responsible?,"Start by identifying whether you need a new device. If you do, compare durability, energy efficiency, repairability, product support, environmental claims, price, and end-of-life options.","green purchase,intention,electronics"
GPI,Should I consider environmental factors when buying a phone?,"Yes, environmental factors can be included alongside performance, price, reliability, and other personal requirements. Useful factors include durability, repairability, energy use, software support, and responsible end-of-life options.","phone,purchase intention,environment"
GPI,What can increase my intention to buy green electronics?,"Understanding environmental impacts, having positive attitudes toward green products, receiving useful information, considering social expectations, and finding products that fit your budget and needs can all affect purchase intention.","purchase intention,green electronics,attitude"
GPI,I care about the environment but green electronics are expensive. What can I do?,"Compare alternatives rather than focusing only on the label. Consider durable or refurbished devices, energy efficiency, repairability, total cost, and whether replacing your current device is necessary.","environment,price,purchase decision"
GPI,Should I buy an eco-friendly device whenever possible?,"You can consider environmentally responsible options whenever they meet your functional needs and budget. A balanced decision should include environmental, financial, and practical factors.","green purchase,intention,budget"
GPI,How do I decide between a normal laptop and a greener laptop?,"Compare both devices using the same criteria: performance, price, energy efficiency, durability, repairability, warranty, expected lifespan, and credible environmental information.","laptop,comparison,purchase intention"
GPI,Does knowing about e-waste make people more likely to buy green electronics?,"Awareness of e-waste can contribute to environmental concern, but purchase intention is influenced by multiple factors such as attitudes, social influence, price, and product information.","e-waste,awareness,purchase intention"
GPI,Can a university encourage students to purchase green electronics?,"Universities can provide sustainability education, reliable product information, e-waste programs, and awareness activities. These actions can make responsible purchasing easier to understand and practice.","university,students,green purchasing"
GPI,What should I check before buying an environmentally friendly monitor?,"Check energy efficiency, expected lifespan, repairability, warranty, display requirements, power consumption, credible environmental information, and price.","monitor,energy efficiency,purchase"
GPI,Is buying a refurbished computer a green purchase?,"It can be a more resource-efficient option because it extends the useful life of an existing product. Check performance, condition, battery health, warranty, security, and support before purchasing.","refurbished computer,green purchase"
GPI,How can I avoid an unnecessary electronics purchase?,"Ask whether the existing device can still meet your needs, whether repair or upgrade is practical, and whether the new device provides a meaningful benefit. Delaying replacement can extend the current product's useful life.","replacement,repair,green purchasing"
GPI,What environmental factors should influence my laptop purchase?,"Relevant factors can include energy efficiency, expected lifespan, repairability, upgradeability, recycled content, packaging, manufacturer environmental information, and end-of-life options.","laptop,environmental factors"
GPI,How does price affect my intention to buy a green product?,"Price can affect willingness and ability to purchase. Comparing total cost, expected lifespan, energy use, repairability, and environmental benefits can provide a broader basis for the decision.","price,purchase intention,green product"
GPI,How can I make a responsible electronics purchase as a university student?,"Define your actual requirements, set a budget, compare reliable product information, prioritize durability and repairability, consider energy efficiency, avoid unnecessary upgrades, and plan for responsible end-of-life handling.","university student,responsible purchasing,electronics"
General,What is a green electronic product?,"A green electronic product is generally designed or selected with lower environmental impact in mind. Relevant aspects can include energy efficiency, durability, repairability, responsible materials, packaging, and end-of-life management.","green electronics,definition"
General,What should I do with an old phone that still works?,"Consider continuing to use it, giving it to another user, donating it, or selling it if appropriate. Extending the useful life of a working device can avoid an unnecessary replacement.","old phone,reuse,device life"
General,What should I do before recycling my laptop?,"Back up important files, securely remove personal data, sign out of accounts, reset the device where appropriate, and then use a responsible e-waste collection or recycling option.","laptop,recycling,data security"
General,Is repairing better than replacing electronics?,"If the device can meet your needs after repair and the repair is practical, repair can extend its useful life and avoid an immediate replacement. Compare repair cost, reliability, performance, and expected remaining life.","repair,replacement,electronics"
General,How can I reduce my electronic waste?,"Buy only what you need, maintain devices, repair when practical, reuse or donate working products, avoid unnecessary upgrades, and use appropriate e-waste collection or recycling for unusable devices.","reduce e-waste,reuse,recycling"
General,What does sustainable electronics consumption mean?,"It means considering the environmental and resource impacts of purchasing, using, maintaining, reusing, and disposing of electronic products throughout their life cycle.","sustainable consumption,electronics"
General,Can I donate an old computer?,"If it is functional and safe to use, donation or reuse can extend its useful life. Remove personal data and provide accurate information about its condition.","donation,computer,reuse"
General,Why is device maintenance important?,Regular maintenance can help prevent premature failure and extend the useful life of a device. This can reduce the need for early replacement.,"maintenance,device life"
General,Should I upgrade my laptop or buy a new one?,"Compare whether an upgrade can meet your needs, the cost of the upgrade, compatibility, expected remaining life, and the environmental impact of replacing the device.","laptop upgrade,replacement,decision"
General,What is the most important thing when buying green electronics?,"There is no single factor for every buyer. Consider your needs, product lifespan, energy efficiency, repairability, price, credible environmental information, and responsible end-of-life options.","green electronics,purchasing,factors"
